Time_s,Setpoint,Position,Error,Output
1.056,90,0,90,90
1.078,90,0,90,90
1.1,90,0,90,90
1.122,90,0,90,90
1.144,45,4,41,41
1.166,45,10,35,35
1.188,45,16,29,29
1.21,45,23,22,22
1.232,45,30,15,15
1.254,45,37,8,8
1.276,45,43,2,8
1.298,45,49,-4,-4
1.32,45,50,-5,-5
1.342,45,48,-3,-3
1.364,45,46,-1,-3
1.386,45,46,-1,-3
1.408,45,45,0,-3
1.43,45,46,-1,-3
1.452,45,46,-1,-3
1.474,45,46,-1,-3
1.496,45,46,-1,-3
1.518,45,45,0,-3
1.54,45,46,-1,-3
1.562,45,45,0,-3
1.584,45,46,-1,-3
1.606,45,46,-1,-3
1.628,45,45,0,-3
1.65,45,45,0,-3
1.672,45,46,-1,-3
1.694,45,45,0,-3
1.716,45,46,-1,-3
1.738,45,46,-1,-3
1.76,45,45,0,-3
1.782,45,45,0,-3
1.804,45,45,0,-3
1.826,45,46,-1,-3
1.848,45,45,0,-3
1.87,45,45,0,-3
1.892,45,45,0,-3
1.914,45,46,-1,-3
1.936,45,45,0,-3
1.958,45,46,-1,-3
1.98,45,45,0,-3
2.002,45,46,-1,-3
2.024,45,45,0,-3
2.046,45,46,-1,-3
2.068,45,45,0,-3
2.09,45,46,-1,-3
2.112,45,45,0,-3
2.134,45,46,-1,-3
2.156,45,45,0,-3
2.178,45,46,-1,-3
2.2,45,46,-1,-3
2.222,45,45,0,-3
2.244,45,45,0,-3
2.266,45,45,0,-3
2.288,45,45,0,-3
2.31,45,45,0,-3
2.332,45,45,0,-3
2.354,45,46,-1,-3
2.376,45,45,0,-3
2.398,45,45,0,-3
2.42,45,45,0,-3
2.442,45,46,-1,-3
2.464,45,45,0,-3
2.486,45,45,0,-3
2.508,45,45,0,-3
2.53,45,45,0,-3
2.552,45,45,0,-3
2.574,45,46,-1,-3
2.596,45,45,0,-3
2.618,45,46,-1,-3
2.64,45,46,-1,-3
2.662,45,46,-1,-3
2.684,45,46,-1,-3
2.706,45,45,0,-3
2.728,45,46,-1,-3
2.75,45,45,0,-3
2.772,45,45,0,-3
2.794,45,46,-1,-3
2.816,45,45,0,-3
2.838,45,45,0,-3
2.86,45,46,-1,-3
2.882,45,45,0,-3
2.904,45,45,0,-3
2.926,45,45,0,-3
2.948,45,45,0,-3
2.97,45,46,-1,-3
2.992,45,45,0,-3
3.014,45,46,-1,-3
3.036,45,46,-1,-3
3.058,45,46,-1,-3
3.08,45,46,-1,-3
3.102,45,45,0,-3
3.124,45,45,0,-3
3.146,45,45,0,-3
3.168,45,45,0,-3
3.19,45,46,-1,-3
3.212,45,45,0,-3
3.234,45,45,0,-3
3.256,45,45,0,-3
3.278,45,46,-1,-3
3.3,45,46,-1,-3
3.322,45,46,-1,-3
3.344,45,45,0,-3
3.366,45,45,0,-3
3.388,45,45,0,-3
3.41,45,45,0,-3
3.432,45,45,0,-3
3.454,45,45,0,-3
3.476,45,45,0,-3
3.498,45,45,0,-3
3.52,45,45,0,-3
3.542,45,46,-1,-3
3.564,45,45,0,-3
3.586,45,45,0,-3
3.608,45,45,0,-3
3.63,45,45,0,-3
3.652,45,45,0,-3
3.674,45,46,-1,-3
3.696,45,45,0,-3
3.718,45,46,-1,-3
3.74,45,46,-1,-3
3.762,45,45,0,-3
3.784,45,45,0,-3
3.806,45,45,0,-3
3.828,45,46,-1,-3
3.85,45,45,0,-3
3.872,45,46,-1,-3
3.894,45,46,-1,-3
3.916,45,45,0,-3
3.938,45,45,0,-3
3.96,45,46,-1,-3
3.982,45,45,0,-3
4.004,45,45,0,-3
4.026,45,45,0,-3
4.048,45,45,0,-3
4.07,45,45,0,-3
4.092,45,46,-1,-3
4.114,45,45,0,-3
4.136,45,46,-1,-3
4.158,45,46,-1,-3
4.18,45,45,0,-3
4.202,45,46,-1,-3
4.224,45,45,0,-3
4.246,45,45,0,-3
4.268,45,45,0,-3
4.29,45,45,0,-3
4.312,45,45,0,-3
4.334,45,46,-1,-3
4.356,45,45,0,-3
4.378,45,46,-1,-3
4.4,45,45,0,-3
4.422,45,45,0,-3
4.444,45,46,-1,-3
4.466,45,46,-1,-3
4.488,45,45,0,-3
4.51,45,46,-1,-3
4.532,45,46,-1,-3
4.554,45,45,0,-3
4.576,45,45,0,-3
4.598,45,45,0,-3
4.62,45,45,0,-3
4.642,45,45,0,-3
4.664,45,45,0,-3
4.686,45,45,0,-3
4.708,45,45,0,-3
4.73,45,46,-1,-3
4.752,45,46,-1,-3
4.774,45,45,0,-3
4.796,45,45,0,-3
4.818,45,45,0,-3
4.84,45,46,-1,-3
4.862,45,45,0,-3
4.884,45,45,0,-3
4.906,45,45,0,-3
4.928,45,45,0,-3
4.95,45,45,0,-3
4.972,45,45,0,-3
4.994,45,46,-1,-3
5.016,45,45,0,-3
5.038,45,46,-1,-3
5.06,45,46,-1,-3
5.082,45,45,0,-3
5.104,45,45,0,-3
5.126,45,46,-1,-3
5.148,45,46,-1,-3
5.17,45,45,0,-3
5.192,45,45,0,-3
5.214,45,45,0,-3
5.236,45,46,-1,-3
5.258,45,45,0,-3
5.28,45,45,0,-3
5.302,45,45,0,-3
5.324,45,46,-1,-3
5.346,45,45,0,-3
5.368,45,45,0,-3
5.39,45,45,0,-3
5.412,45,45,0,-3
5.434,45,46,-1,-3
5.456,45,46,-1,-3
5.478,45,45,0,-3
5.5,45,45,0,-3
5.522,45,45,0,-3
5.544,45,45,0,-3
5.566,45,45,0,-3
5.588,45,45,0,-3
5.61,45,45,0,-3
5.632,45,45,0,-3
5.654,45,45,0,-3
5.676,45,45,0,-3
5.698,45,45,0,-3
5.72,100,46,54,54
5.742,100,46,54,54
5.764,100,48,52,52
5.786,100,53,47,47
5.808,100,59,41,41
5.83,100,65,35,35
5.852,100,72,28,28
5.874,100,79,21,21
5.896,100,86,14,14
5.918,100,93,7,7
5.94,100,95,5,5
5.962,100,95,5,5
5.984,100,99,1,5
6.006,100,103,-3,-3
6.028,100,103,-3,-3
6.05,100,101,-1,-3
6.072,100,98,2,-3
6.094,100,97,3,3
6.116,100,97,3,3
6.138,100,100,0,3
6.16,100,104,-4,-4
6.182,100,104,-4,-4
6.204,100,102,-2,-4
6.226,100,99,1,-4
6.248,100,98,2,-4
6.27,100,98,2,-4
6.292,100,98,2,-4
6.314,100,98,2,-4
6.336,100,98,2,-4
6.358,100,98,2,-4
6.38,100,98,2,-4
6.402,100,98,2,-4
6.424,100,98,2,-4
6.446,100,98,2,-4
6.468,100,98,2,-4
6.49,100,98,2,-4
6.512,100,98,2,-4
6.534,100,98,2,-4
6.556,100,98,2,-4
6.578,100,98,2,-4
6.6,100,98,2,-4
6.622,100,98,2,-4
6.644,100,98,2,-4
6.666,100,98,2,-4
6.688,100,98,2,-4
6.71,100,98,2,-4
6.732,100,98,2,-4
6.754,100,98,2,-4
6.776,100,98,2,-4
6.798,100,98,2,-4
6.82,100,98,2,-4
6.842,100,98,2,-4
6.864,100,98,2,-4
6.886,100,98,2,-4
6.908,100,98,2,-4
6.93,100,98,2,-4
6.952,100,98,2,-4
6.974,100,98,2,-4
6.996,100,98,2,-4
7.018,100,98,2,-4
7.04,100,98,2,-4
7.062,100,98,2,-4
7.084,100,98,2,-4
7.106,100,98,2,-4
7.128,100,98,2,-4
7.15,100,98,2,-4
7.172,100,98,2,-4
7.194,100,98,2,-4
7.216,100,98,2,-4
7.238,100,98,2,-4
7.26,100,98,2,-4
7.282,100,98,2,-4
7.304,100,98,2,-4
7.326,100,98,2,-4
7.348,100,98,2,-4
7.37,100,98,2,-4
7.392,100,98,2,-4
7.414,100,98,2,-4
7.436,100,98,2,-4
7.458,100,98,2,-4
7.48,100,98,2,-4
7.502,100,98,2,-4
7.524,100,98,2,-4
7.546,100,98,2,-4
7.568,100,98,2,-4
7.59,100,98,2,-4
7.612,100,98,2,-4
7.634,100,98,2,-4
7.656,100,98,2,-4
7.678,100,98,2,-4
7.7,100,98,2,-4
7.722,100,98,2,-4
7.744,100,98,2,-4
7.766,100,98,2,-4
7.788,100,98,2,-4
7.81,100,98,2,-4
7.832,100,98,2,-4
7.854,100,98,2,-4
7.876,100,98,2,-4
7.898,100,98,2,-4
7.92,100,98,2,-4
7.942,100,98,2,-4
7.964,100,98,2,-4
7.986,100,98,2,-4
8.008,100,98,2,-4
8.03,100,98,2,-4
8.052,100,98,2,-4
8.074,100,98,2,-4
8.096,100,98,2,-4
8.118,100,98,2,-4
8.14,100,98,2,-4
8.162,100,98,2,-4
8.184,100,98,2,-4
8.206,100,98,2,-4
8.228,100,98,2,-4
8.25,100,98,2,-4
8.272,100,98,2,-4
8.294,100,98,2,-4
8.316,100,98,2,-4
8.338,100,98,2,-4
8.36,100,98,2,-4
8.382,100,98,2,-4
8.404,100,98,2,-4
8.426,100,98,2,-4
8.448,100,98,2,-4
8.47,100,98,2,-4
8.492,100,98,2,-4
8.514,100,98,2,-4
8.536,100,98,2,-4
8.558,100,98,2,-4
8.58,100,98,2,-4
8.602,100,98,2,-4
8.624,100,98,2,-4
8.646,100,98,2,-4
8.668,100,98,2,-4
8.69,100,98,2,-4
8.712,100,98,2,-4
8.734,100,98,2,-4
8.756,100,98,2,-4
8.778,100,98,2,-4
8.8,100,98,2,-4
8.822,100,98,2,-4
8.844,100,98,2,-4
8.866,100,98,2,-4
8.888,100,98,2,-4
8.91,100,98,2,-4
8.932,100,98,2,-4
8.954,100,98,2,-4
8.976,100,98,2,-4
8.998,100,98,2,-4
9.02,100,98,2,-4
9.042,100,98,2,-4
9.064,100,98,2,-4
9.086,100,98,2,-4
9.108,100,98,2,-4
9.13,100,98,2,-4
9.152,100,98,2,-4
9.174,100,98,2,-4
9.196,100,98,2,-4
9.218,100,98,2,-4
9.24,100,98,2,-4
9.262,100,98,2,-4
9.284,100,98,2,-4
9.306,100,98,2,-4
9.328,100,98,2,-4
9.35,100,98,2,-4
9.372,100,98,2,-4
9.394,100,98,2,-4
9.416,100,98,2,-4
9.438,100,98,2,-4
9.46,100,98,2,-4
9.482,100,98,2,-4
9.504,100,98,2,-4
9.526,100,98,2,-4
9.548,100,98,2,-4
9.57,100,98,2,-4
9.592,100,98,2,-4
9.614,100,98,2,-4
9.636,100,98,2,-4
9.658,100,98,2,-4
9.68,100,98,2,-4
9.702,100,98,2,-4
9.724,100,98,2,-4
9.746,100,98,2,-4
9.768,100,98,2,-4
9.79,100,98,2,-4
9.812,100,98,2,-4
9.834,100,98,2,-4
9.856,100,98,2,-4
9.878,100,98,2,-4
9.9,100,98,2,-4
9.922,100,98,2,-4
9.944,100,98,2,-4
9.966,100,98,2,-4
9.988,100,98,2,-4
10.01,100,98,2,-4
10.032,100,98,2,-4
10.054,100,98,2,-4
10.076,100,98,2,-4
10.098,100,98,2,-4
10.12,100,98,2,-4
10.142,100,98,2,-4
10.164,100,98,2,-4
10.186,100,98,2,-4
10.208,100,98,2,-4
10.23,100,98,2,-4
10.252,100,98,2,-4
10.274,100,98,2,-4
10.296,100,98,2,-4
10.318,100,99,1,-4
10.34,100,98,2,-4
10.362,100,98,2,-4
10.384,100,98,2,-4
10.406,100,98,2,-4
10.428,100,98,2,-4
10.45,100,98,2,-4
10.472,100,98,2,-4
10.494,100,98,2,-4
10.516,100,98,2,-4
10.538,100,98,2,-4
10.56,100,98,2,-4
10.582,100,98,2,-4
10.604,100,98,2,-4
10.626,100,98,2,-4
10.648,100,98,2,-4
10.67,100,98,2,-4
10.692,100,98,2,-4
10.714,100,98,2,-4
10.736,100,98,2,-4
10.758,90,98,-8,-8
10.78,90,98,-8,-8
10.802,90,95,-5,-5
10.824,90,91,-1,-5
10.846,90,91,-1,-5
10.868,90,91,-1,-5
10.89,90,91,-1,-5
10.912,90,91,-1,-5
10.934,90,91,-1,-5
10.956,90,91,-1,-5
10.978,90,91,-1,-5
11,90,91,-1,-5
11.022,90,91,-1,-5
11.044,90,91,-1,-5
11.066,90,91,-1,-5
11.088,90,91,-1,-5
11.11,90,91,-1,-5
11.132,90,91,-1,-5
11.154,90,91,-1,-5
11.176,90,91,-1,-5
11.198,90,91,-1,-5
11.22,90,91,-1,-5
11.242,90,91,-1,-5
11.264,90,91,-1,-5
11.286,90,91,-1,-5
11.308,90,91,-1,-5
11.33,90,91,-1,-5
11.352,90,91,-1,-5
11.374,90,91,-1,-5
11.396,90,91,-1,-5
11.418,90,91,-1,-5
11.44,90,91,-1,-5
11.462,90,91,-1,-5
11.484,90,91,-1,-5
11.506,90,91,-1,-5
11.528,90,91,-1,-5
11.55,90,91,-1,-5
11.572,90,91,-1,-5
11.594,90,91,-1,-5
11.616,90,91,-1,-5
11.638,90,91,-1,-5
11.66,90,91,-1,-5
11.682,90,91,-1,-5
11.704,90,91,-1,-5
11.726,90,91,-1,-5
11.748,90,91,-1,-5
11.77,90,91,-1,-5
11.792,90,91,-1,-5
11.814,90,91,-1,-5
11.836,90,91,-1,-5
11.858,90,92,-2,-5
11.88,90,91,-1,-5
11.902,90,91,-1,-5
11.924,90,91,-1,-5
11.946,90,91,-1,-5
11.968,90,91,-1,-5
11.99,90,91,-1,-5
12.012,90,91,-1,-5
12.034,90,91,-1,-5
12.056,90,91,-1,-5
12.078,90,91,-1,-5
12.1,90,91,-1,-5
12.122,90,91,-1,-5
12.144,90,91,-1,-5
12.166,90,91,-1,-5
12.188,90,91,-1,-5
12.21,90,91,-1,-5
12.232,90,91,-1,-5
12.254,90,91,-1,-5
12.276,90,91,-1,-5
12.298,90,91,-1,-5
12.32,90,91,-1,-5
12.342,90,91,-1,-5
12.364,90,91,-1,-5
12.386,90,91,-1,-5
12.408,90,91,-1,-5
12.43,90,91,-1,-5
12.452,90,91,-1,-5
12.474,90,91,-1,-5
12.496,90,91,-1,-5
12.518,90,91,-1,-5
12.54,90,91,-1,-5
12.562,90,91,-1,-5
12.584,90,91,-1,-5
12.606,90,91,-1,-5
12.628,90,91,-1,-5
12.65,90,91,-1,-5
12.672,90,91,-1,-5
12.694,90,91,-1,-5
12.716,90,91,-1,-5
12.738,90,91,-1,-5
12.76,90,91,-1,-5
12.782,90,91,-1,-5
12.804,90,91,-1,-5
12.826,90,91,-1,-5
12.848,90,91,-1,-5
12.87,90,91,-1,-5
12.892,90,91,-1,-5
12.914,90,91,-1,-5
12.936,90,91,-1,-5
12.958,90,91,-1,-5
12.98,90,91,-1,-5
13.002,90,91,-1,-5
13.024,90,91,-1,-5
13.046,90,91,-1,-5
13.068,90,91,-1,-5
13.09,90,91,-1,-5
13.112,90,91,-1,-5
13.134,90,91,-1,-5
13.156,90,91,-1,-5
13.178,90,91,-1,-5
13.2,90,91,-1,-5
13.222,90,91,-1,-5
13.244,90,91,-1,-5
13.266,90,91,-1,-5
13.288,90,91,-1,-5
13.31,90,91,-1,-5
13.332,90,91,-1,-5
13.354,90,91,-1,-5
13.376,90,91,-1,-5
13.398,90,91,-1,-5
13.42,90,91,-1,-5
13.442,90,91,-1,-5
13.464,90,92,-2,-5
13.486,90,91,-1,-5
13.508,90,91,-1,-5
13.53,90,91,-1,-5
13.552,90,91,-1,-5
13.574,90,91,-1,-5
13.596,90,91,-1,-5
13.618,90,91,-1,-5
13.64,90,91,-1,-5
13.662,90,91,-1,-5
13.684,90,91,-1,-5
13.706,90,91,-1,-5
13.728,90,91,-1,-5
13.75,90,91,-1,-5
13.772,90,91,-1,-5
13.794,90,91,-1,-5
13.816,90,91,-1,-5
13.838,90,91,-1,-5
13.86,90,91,-1,-5
13.882,90,91,-1,-5
13.904,90,91,-1,-5
13.926,90,91,-1,-5
13.948,90,91,-1,-5
13.97,90,91,-1,-5
13.992,90,91,-1,-5
14.014,90,91,-1,-5
14.036,90,91,-1,-5
14.058,90,91,-1,-5
14.08,90,91,-1,-5
14.102,90,91,-1,-5
14.124,90,91,-1,-5
14.146,90,91,-1,-5
14.168,90,91,-1,-5
14.19,90,91,-1,-5
14.212,90,91,-1,-5
14.234,90,91,-1,-5
14.256,90,91,-1,-5
14.278,90,91,-1,-5
14.3,90,91,-1,-5
14.322,90,91,-1,-5
14.344,90,91,-1,-5
14.366,90,91,-1,-5
14.388,90,91,-1,-5
14.41,90,91,-1,-5
14.432,90,91,-1,-5
14.454,90,91,-1,-5
14.476,90,91,-1,-5
14.498,90,91,-1,-5
14.52,90,91,-1,-5
14.542,90,91,-1,-5
14.564,90,91,-1,-5
14.586,90,91,-1,-5
14.608,90,91,-1,-5
14.63,90,91,-1,-5
14.652,90,91,-1,-5
14.674,90,91,-1,-5
14.696,90,91,-1,-5
14.718,90,91,-1,-5
14.74,90,91,-1,-5
14.762,90,91,-1,-5
14.784,90,91,-1,-5
14.806,90,91,-1,-5
14.828,90,91,-1,-5
14.85,90,91,-1,-5
14.872,90,91,-1,-5
14.894,90,91,-1,-5
14.916,90,91,-1,-5
14.938,90,91,-1,-5
14.96,90,91,-1,-5
14.982,90,91,-1,-5
15.004,90,91,-1,-5
15.026,90,92,-2,-5
15.048,90,91,-1,-5
15.07,90,91,-1,-5
15.092,90,91,-1,-5
15.114,90,91,-1,-5
15.136,90,91,-1,-5
15.158,90,91,-1,-5
15.18,90,91,-1,-5
15.202,90,91,-1,-5
15.224,90,91,-1,-5
15.246,90,92,-2,-5
15.268,90,91,-1,-5
15.29,90,91,-1,-5
15.312,90,91,-1,-5
15.334,90,91,-1,-5
15.356,90,91,-1,-5
15.378,90,91,-1,-5
15.4,90,91,-1,-5
15.422,90,91,-1,-5
15.444,90,91,-1,-5
15.466,90,91,-1,-5
15.488,90,91,-1,-5
15.51,90,91,-1,-5
15.532,90,91,-1,-5
15.554,90,91,-1,-5
15.576,90,91,-1,-5
15.598,90,91,-1,-5
15.62,90,91,-1,-5
15.642,90,91,-1,-5
15.664,90,91,-1,-5
15.686,90,91,-1,-5
15.708,90,91,-1,-5
15.73,90,91,-1,-5
15.752,90,91,-1,-5
15.774,180,91,89,89
15.796,180,91,89,89
15.818,180,93,87,87
15.84,180,98,82,82
15.862,180,105,75,75
15.884,180,111,69,69
15.906,180,118,62,62
15.928,180,124,56,56
15.95,180,131,49,49
15.972,180,139,41,41
15.994,180,146,34,34
16.016,180,152,28,28
16.038,180,160,20,20
16.06,180,167,13,13
16.082,180,174,6,6
16.104,180,182,-2,6
16.126,180,188,-8,-8
16.148,180,188,-8,-8
16.17,180,187,-7,-7
16.192,180,181,-1,-7
16.214,180,177,3,3
16.236,180,177,3,3
16.258,180,179,1,3
16.28,180,182,-2,3
16.302,180,183,-3,-3
16.324,180,183,-3,-3
16.346,180,180,0,-3
16.368,180,177,3,3
16.39,180,176,4,4
16.412,180,179,1,4
16.434,180,182,-2,4
16.456,180,183,-3,-3
16.478,180,184,-4,-4
16.5,180,181,-1,-4
16.522,180,178,2,-4
16.544,180,177,3,3
16.566,180,176,4,4
16.588,180,179,1,4
16.61,180,183,-3,-3
16.632,180,183,-3,-3
16.654,180,181,-1,-3
16.676,180,178,2,-3
16.698,180,178,2,-3
16.72,180,178,2,-3
16.742,180,178,2,-3
16.764,180,178,2,-3
16.786,180,178,2,-3
16.808,180,178,2,-3
16.83,180,178,2,-3
16.852,180,178,2,-3
16.874,180,178,2,-3
16.896,180,178,2,-3
16.918,180,178,2,-3
16.94,180,178,2,-3
16.962,180,178,2,-3
16.984,180,178,2,-3
17.006,180,178,2,-3
17.028,180,178,2,-3
17.05,180,178,2,-3
17.072,180,178,2,-3
17.094,180,178,2,-3
17.116,180,178,2,-3
17.138,180,178,2,-3
17.16,180,178,2,-3
17.182,180,178,2,-3
17.204,180,178,2,-3
17.226,180,178,2,-3
17.248,180,178,2,-3
17.27,180,178,2,-3
17.292,180,178,2,-3
17.314,180,178,2,-3
17.336,180,178,2,-3
17.358,180,178,2,-3
17.38,180,178,2,-3
17.402,180,178,2,-3
17.424,180,178,2,-3
17.446,180,178,2,-3
17.468,180,178,2,-3
17.49,180,178,2,-3
17.512,180,178,2,-3
17.534,180,178,2,-3
17.556,180,178,2,-3
17.578,180,178,2,-3
17.6,180,178,2,-3
17.622,180,178,2,-3
17.644,180,177,3,3
17.666,180,178,2,3
17.688,180,179,1,3
17.71,180,179,1,3
17.732,180,179,1,3
17.754,180,179,1,3
17.776,180,179,1,3
17.798,180,179,1,3
17.82,180,179,1,3
17.842,180,179,1,3
17.864,180,180,0,3
17.886,180,179,1,3
17.908,180,179,1,3
17.93,180,179,1,3
17.952,180,179,1,3
17.974,180,179,1,3
17.996,180,179,1,3
18.018,180,179,1,3
18.04,180,179,1,3
18.062,180,179,1,3
18.084,180,180,0,3
18.106,180,179,1,3
18.128,180,179,1,3
18.15,180,179,1,3
18.172,180,179,1,3
18.194,180,179,1,3
18.216,180,179,1,3
18.238,180,179,1,3
18.26,180,179,1,3
18.282,180,179,1,3
18.304,180,179,1,3
18.326,180,179,1,3
18.348,180,179,1,3
18.37,180,179,1,3
18.392,180,179,1,3
18.414,180,179,1,3
18.436,180,179,1,3
18.458,180,179,1,3
18.48,180,179,1,3
18.502,180,179,1,3
18.524,180,179,1,3
18.546,180,179,1,3
18.568,180,179,1,3
18.59,180,179,1,3
18.612,180,179,1,3
18.634,180,180,0,3
18.656,180,179,1,3
18.678,180,179,1,3
18.7,180,179,1,3
18.722,180,179,1,3
18.744,180,179,1,3
18.766,180,179,1,3
18.788,180,179,1,3
18.81,180,179,1,3
18.832,180,179,1,3
18.854,180,179,1,3
18.876,180,179,1,3
18.898,180,179,1,3
18.92,180,179,1,3
18.942,180,179,1,3
18.964,180,179,1,3
18.986,180,179,1,3
19.008,180,179,1,3
19.03,180,179,1,3
19.052,180,179,1,3
19.074,180,179,1,3
19.096,180,179,1,3
19.118,180,179,1,3
19.14,180,179,1,3
19.162,180,179,1,3
19.184,180,179,1,3
19.206,180,179,1,3
19.228,180,179,1,3
19.25,180,179,1,3
19.272,180,179,1,3
19.294,180,179,1,3
19.316,180,179,1,3
19.338,180,180,0,3
19.36,180,180,0,3
19.382,180,179,1,3
19.404,180,179,1,3
19.426,180,179,1,3
19.448,180,179,1,3
19.47,180,179,1,3
19.492,180,179,1,3
19.514,180,179,1,3
19.536,180,179,1,3
19.558,180,179,1,3
19.58,180,180,0,3
19.602,180,179,1,3
19.624,180,179,1,3
19.646,180,179,1,3
19.668,180,179,1,3
19.69,180,179,1,3
19.712,180,179,1,3
19.734,180,179,1,3
19.756,180,179,1,3
19.778,180,179,1,3
19.8,180,179,1,3
19.822,180,179,1,3
19.844,180,179,1,3
19.866,180,179,1,3
19.888,180,179,1,3
19.91,180,179,1,3
19.932,180,179,1,3
19.954,180,179,1,3
19.976,180,179,1,3
19.998,180,179,1,3
20.02,180,179,1,3
20.042,180,180,0,3
20.064,180,179,1,3
20.086,180,179,1,3
20.108,180,179,1,3
20.13,180,179,1,3
20.152,180,179,1,3
20.174,180,179,1,3
20.196,180,178,2,3
20.218,180,179,1,3
20.24,180,179,1,3
20.262,180,180,0,3
20.284,180,179,1,3
20.306,180,179,1,3
20.328,180,179,1,3
20.35,180,179,1,3
20.372,180,180,0,3
20.394,180,179,1,3
20.416,180,179,1,3
20.438,180,179,1,3
20.46,180,179,1,3
20.482,180,179,1,3
20.504,180,180,0,3
20.526,180,180,0,3
20.548,180,180,0,3
20.57,180,179,1,3
20.592,180,180,0,3
20.614,180,179,1,3
20.636,180,179,1,3
20.658,180,180,0,3
20.68,180,179,1,3
20.702,180,180,0,3
20.724,180,179,1,3
20.746,180,179,1,3
20.768,180,179,1,3
20.79,0,179,-179,-179
20.812,0,179,-179,-179
20.834,0,177,-177,-177
20.856,0,171,-171,-171
20.878,0,164,-164,-164
20.9,0,157,-157,-157
20.922,0,150,-150,-150
20.944,0,143,-143,-143
20.966,0,137,-137,-137
20.988,0,129,-129,-129
21.01,0,122,-122,-122
21.032,0,114,-114,-114
21.054,0,107,-107,-107
21.076,0,101,-101,-101
21.098,0,94,-94,-94
21.12,0,87,-87,-87
21.142,0,79,-79,-79
21.164,0,72,-72,-72
21.186,0,65,-65,-65
21.208,0,58,-58,-58
21.23,0,51,-51,-51
21.252,0,44,-44,-44
21.274,0,37,-37,-37
21.296,0,29,-29,-29
21.318,0,23,-23,-23
21.34,0,15,-15,-15
21.362,0,8,-8,-8
21.384,0,1,-1,-8
21.406,0,0,0,-8
21.428,0,0,0,-8
21.45,0,0,0,-8
21.472,0,0,0,-8
21.494,0,0,0,-8
21.516,0,0,0,-8
21.538,0,0,0,-8
21.56,0,0,0,-8
21.582,0,0,0,-8
21.604,0,0,0,-8
21.626,0,0,0,-8
21.648,0,0,0,-8
21.67,0,0,0,-8
21.692,0,0,0,-8
21.714,0,0,0,-8
21.736,0,0,0,-8
21.758,0,0,0,-8
21.78,0,0,0,-8
21.802,0,0,0,-8
21.824,0,0,0,-8
21.846,0,0,0,-8
21.868,0,0,0,-8
21.89,0,0,0,-8
21.912,0,0,0,-8
21.934,0,0,0,-8
21.956,0,0,0,-8
21.978,0,0,0,-8
22,0,0,0,-8
22.022,0,0,0,-8
22.044,0,0,0,-8
22.066,0,0,0,-8
22.088,0,0,0,-8
22.11,0,0,0,-8
22.132,0,0,0,-8
22.154,0,0,0,-8
22.176,0,0,0,-8
22.198,0,0,0,-8
22.22,0,0,0,-8
22.242,0,0,0,-8
22.264,0,0,0,-8
22.286,0,0,0,-8
22.308,0,0,0,-8
22.33,0,0,0,-8
22.352,0,0,0,-8
22.374,0,0,0,-8
22.396,0,0,0,-8
22.418,0,0,0,-8
22.44,0,0,0,-8
22.462,0,0,0,-8
22.484,0,0,0,-8
22.506,0,0,0,-8
22.528,0,0,0,-8
22.55,0,0,0,-8
22.572,0,0,0,-8
22.594,0,0,0,-8
22.616,0,0,0,-8
22.638,0,0,0,-8
22.66,0,0,0,-8
22.682,0,0,0,-8
22.704,0,0,0,-8
22.726,0,0,0,-8
22.748,0,0,0,-8
22.77,0,0,0,-8
22.792,0,0,0,-8
22.814,0,0,0,-8
22.836,0,0,0,-8
22.858,0,0,0,-8
22.88,0,0,0,-8
22.902,0,0,0,-8
22.924,0,0,0,-8
22.946,0,0,0,-8
22.968,0,0,0,-8
22.99,0,0,0,-8
23.012,0,0,0,-8
23.034,0,0,0,-8
23.056,0,0,0,-8
23.078,0,0,0,-8
23.1,0,0,0,-8
23.122,0,0,0,-8
23.144,0,0,0,-8
23.166,0,0,0,-8
23.188,0,0,0,-8
23.21,0,0,0,-8
23.232,0,0,0,-8
23.254,0,0,0,-8
23.276,0,0,0,-8
23.298,0,0,0,-8
23.32,0,0,0,-8
23.342,0,0,0,-8
23.364,0,0,0,-8
23.386,0,0,0,-8
23.408,0,0,0,-8
23.43,0,0,0,-8
23.452,0,0,0,-8
23.474,0,0,0,-8
23.496,0,0,0,-8
23.518,0,0,0,-8
23.54,0,0,0,-8
23.562,0,0,0,-8
23.584,0,0,0,-8
23.606,0,0,0,-8
23.628,0,0,0,-8
23.65,0,0,0,-8
23.672,0,0,0,-8
23.694,0,0,0,-8
23.716,0,0,0,-8
23.738,0,0,0,-8
23.76,0,0,0,-8
23.782,0,0,0,-8
23.804,0,0,0,-8
23.826,0,0,0,-8
23.848,0,0,0,-8
23.87,0,0,0,-8
23.892,0,0,0,-8
23.914,0,0,0,-8
23.936,0,0,0,-8
23.958,0,0,0,-8
23.98,0,0,0,-8
24.002,0,0,0,-8
24.024,0,0,0,-8
24.046,0,0,0,-8
24.068,0,0,0,-8
24.09,0,0,0,-8
24.112,0,0,0,-8
24.134,0,0,0,-8
24.156,0,0,0,-8
24.178,0,0,0,-8
24.2,0,0,0,-8
24.222,0,0,0,-8
24.244,0,0,0,-8
24.266,0,0,0,-8
24.288,0,0,0,-8
24.31,0,0,0,-8
24.332,0,0,0,-8
24.354,0,0,0,-8
24.376,0,0,0,-8
24.398,0,0,0,-8
24.42,0,0,0,-8
24.442,0,0,0,-8
24.464,0,0,0,-8
24.486,0,0,0,-8
24.508,0,0,0,-8
24.53,0,0,0,-8
24.552,0,0,0,-8
24.574,0,0,0,-8
24.596,0,0,0,-8
24.618,0,0,0,-8
24.64,0,0,0,-8
24.662,0,0,0,-8
24.684,0,0,0,-8
24.706,0,0,0,-8
24.728,0,0,0,-8
24.75,0,0,0,-8
24.772,0,0,0,-8
24.794,0,0,0,-8
24.816,0,0,0,-8
24.838,0,0,0,-8
24.86,0,0,0,-8
24.882,0,0,0,-8
24.904,0,0,0,-8
24.926,0,0,0,-8
24.948,0,0,0,-8
24.97,0,0,0,-8
24.992,0,0,0,-8
25.014,0,0,0,-8
25.036,0,0,0,-8
25.058,0,0,0,-8
25.08,0,0,0,-8
25.102,0,0,0,-8
25.124,0,0,0,-8
25.146,0,0,0,-8
25.168,0,0,0,-8
25.19,0,0,0,-8
25.212,0,0,0,-8
25.234,0,0,0,-8
25.256,0,0,0,-8
25.278,0,0,0,-8
25.3,0,0,0,-8
25.322,0,0,0,-8
25.344,0,0,0,-8
25.366,0,0,0,-8
25.388,0,0,0,-8
25.41,0,0,0,-8
25.432,0,0,0,-8
25.454,0,0,0,-8
25.476,0,0,0,-8
25.498,0,0,0,-8
25.52,0,0,0,-8
25.542,0,0,0,-8
25.564,0,0,0,-8
25.586,0,0,0,-8
25.608,0,0,0,-8
25.63,0,0,0,-8
25.652,0,0,0,-8
25.674,0,0,0,-8
25.696,0,0,0,-8
25.718,0,0,0,-8
25.74,0,0,0,-8
